username,gender,age,marital_status
-evinaki1994.csv,man,35-49,unknown
0101alexandrosm.csv,woman,35-49,unknown
109DavidW109.csv,woman,['35-49' '50-64'],unknown
136arner.csv,man,35-49,unknown
139ur_aa.csv,man,35-49,unknown
13meeganp.csv,woman,35-49,family
151fabianan.csv,woman,35-49,family
153estherj.csv,woman,35-49,family
162majdib.csv,man,35-49,family
176lefterisl.csv,['man' 'woman'],['35-49' '50-64'],unknown
177eleanas.csv,woman,35-49,unknown
177johnt.csv,woman,35-49,family
180graemek.csv,man,35-49,family
181NeilH.csv,woman,35-49,couple
186maryannep.csv,woman,35-49,couple
18joer.csv,woman,['35-49' '50-64'],family
199chrise.csv,woman,35-49,couple
1Janie.csv,woman,35-49,family
2020Marialena.csv,man,35-49,family
217iinam.csv,woman,35-49,family
226francescop.csv,woman,35-49,family
230mixalism.csv,woman,35-49,unknown
236debim.csv,woman,35-49,family
276mathiast.csv,woman,50-64,couple
281terryh.csv,['man' 'woman'],['35-49' '50-64'],couple
28antoniosk.csv,['man' 'woman'],35-49,family
28kadim.csv,woman,35-49,unknown
294skipt.csv,woman,35-49,unknown
296juhap.csv,man,50-64,family
2risttttt.csv,['man' 'woman'],35-49,family
315sebastianw.csv,woman,35-49,unknown
329katerinac.csv,woman,35-49,family
329paraskevia.csv,man,50-64,unknown
344amers.csv,woman,50-64,unknown
353tamara.csv,woman,35-49,unknown
357jenniferh.csv,woman,35-49,family
369razg.csv,man,35-49,unknown
380samerh.csv,woman,35-49,family
384jinh.csv,woman,50-64,family
386katherinas.csv,woman,50-64,unknown
392SimonS.csv,woman,35-49,family
3llevill.csv,woman,35-49,family
419miket.csv,man,35-49,family
422gavd.csv,man,35-49,family
426jakah.csv,man,35-49,unknown
433ethand.csv,woman,35-49,unknown
440neringap.csv,woman,35-49,family
46danilo29.csv,woman,35-49,unknown
483balana.csv,man,35-49,unknown
534DavidJ.csv,man,35-49,family
542phaedral.csv,man,35-49,family
547deec.csv,woman,35-49,family
568tareks.csv,woman,35-49,unknown
571AlanC571.csv,man,35-49,family
574willg.csv,woman,35-49,unknown
575famk.csv,man,50-64,unknown
575garyn.csv,man,['35-49' '50-64'],family
591selinak.csv,woman,35-49,unknown
597vagelisa.csv,woman,50-64,unknown
601Jude56.csv,woman,50-64,family
618octavianp.csv,woman,35-49,unknown
61JF2016.csv,woman,50-64,unknown
6245gillian.csv,woman,35-49,family
656kirsil.csv,woman,35-49,family
658derekb.csv,man,50-64,family
661adreasm.csv,woman,35-49,unknown
675adrianv.csv,woman,35-49,unknown
679samanthao.csv,woman,50-64,unknown
684dani_lleb.csv,woman,35-49,unknown
692shirleys.csv,woman,35-49,family
6magdam.csv,woman,35-49,unknown
704letib.csv,woman,35-49,unknown
705santas.csv,woman,35-49,family
70reginam.csv,woman,35-49,family
715evgeniam.csv,woman,50-64,unknown
716dimitrist.csv,woman,35-49,unknown
71mastro.csv,man,35-49,unknown
726jadeh.csv,man,35-49,family
728georgek.csv,woman,35-49,couple
736PaulR.csv,woman,35-49,couple
742mindaugasl.csv,woman,35-49,unknown
750deanm.csv,woman,35-49,family
750johannac.csv,woman,35-49,family
768stathist.csv,woman,35-49,unknown
779romans.csv,man,35-49,family
782tessac.csv,woman,50-64,unknown
78chengchengc.csv,woman,35-49,family
798tabitas.csv,woman,35-49,unknown
798williamr.csv,man,50-64,family
803sph.csv,['man' 'woman'],['35-49' '50-64'],couple
807lindseyp.csv,woman,35-49,couple
82colet.csv,woman,35-49,unknown
835hadass.csv,woman,35-49,unknown
838peggyk.csv,woman,35-49,unknown
847julietp.csv,woman,35-49,family
860athinas.csv,woman,35-49,unknown
868lloydd.csv,woman,['35-49' '50-64'],unknown
879sashap.csv,woman,35-49,family
882vikyp.csv,woman,50-64,family
885jacquiep.csv,woman,50-64,family
895lexv.csv,man,50-64,unknown
898glynw.csv,man,50-64,family
8logan8.csv,woman,50-64,unknown
8victor96.csv,woman,35-49,unknown
917lauran.csv,woman,35-49,family
91g_ntherj.csv,woman,35-49,unknown
927dmitrijsu.csv,woman,['35-49' '50-64'],couple
92dominikb.csv,man,50-64,couple
930dimitrise.csv,['man' 'woman'],35-49,family
930lynnx.csv,woman,35-49,unknown
931tammin.csv,woman,35-49,family
939tinneg.csv,woman,50-64,unknown
943vinnief.csv,woman,35-49,family
951naomih.csv,woman,35-49,family
952lindav.csv,woman,50-64,family
953larsg.csv,woman,35-49,unknown
958jackf.csv,man,35-49,unknown
974pippap.csv,woman,50-64,family
977charal.csv,['man' 'woman'],['35-49' '50-64'],unknown
982ruthf.csv,woman,50-64,family
985craigg.csv,woman,50-64,family
986niekr.csv,woman,35-49,unknown
A3438MZanthonys.csv,man,50-64,family
A5873NHmichaela.csv,man,35-49,family
A981MYirinas.csv,woman,35-49,unknown
AABB1972.csv,man,35-49,unknown
AdaHK123.csv,woman,35-49,family
Afoz.csv,woman,35-49,family
Al1yz.csv,man,35-49,unknown
Albasharp.csv,['man' 'woman'],35-49,family
Albion_12.csv,woman,35-49,family
Ale_madame.csv,woman,35-49,family
AlexD4680.csv,woman,['35-49' '50-64'],couple
Alison18.csv,woman,50-64,family
Aliyajd.csv,woman,35-49,unknown
AlizHorvath.csv,woman,35-49,family
AlizaDom.csv,man,35-49,family
AllyStevo.csv,woman,35-49,couple
Amandacrichardson.csv,woman,35-49,unknown
AndreaBude.csv,woman,35-49,family
AndrisL38.csv,man,35-49,family
Angeliqueorr.csv,woman,25-34,family
Anna0831.csv,woman,35-49,family
AnnaMiou.csv,woman,35-49,unknown
AnnabelleD_13.csv,woman,35-49,family
Antetitten.csv,woman,50-64,unknown
AntoineC903.csv,man,35-49,family
AntonioS7302.csv,woman,50-64,unknown
Antupas.csv,woman,35-49,unknown
Aquamarina2.csv,woman,50-64,family
Ariako.csv,woman,35-49,unknown
Arvnev.csv,woman,35-49,unknown
AthensMama.csv,woman,35-49,family
AugoustinosKall.csv,woman,35-49,family
B-RAM2009.csv,woman,35-49,unknown
B3401IVpetern.csv,woman,35-49,unknown
BPC1710.csv,woman,35-49,family
Bardsey123.csv,man,35-49,family
BatKick.csv,woman,18-24,family
Beatkinda.csv,woman,35-49,unknown
BeccaFann.csv,woman,35-49,unknown
BeePoint.csv,woman,35-49,unknown
Bex2505.csv,woman,50-64,unknown
Bigbas1967.csv,man,35-49,family
BlueeyedArarat.csv,woman,35-49,family
BoardingPass406643.csv,woman,['35-49' '50-64'],unknown
Bones2025.csv,woman,35-49,family
Boots7777.csv,woman,35-49,family
BratislavaUA.csv,man,25-34,family
CARochaPT.csv,woman,35-49,family
CCPNewYorkCity.csv,woman,35-49,family
CConnell19.csv,woman,35-49,family
CMcPW.csv,woman,35-49,family
CamembertBedford.csv,man,35-49,family
Camper524986.csv,woman,35-49,family
Camper546268.csv,woman,35-49,unknown
CatLB27.csv,woman,35-49,family
Cazzabaptiste.csv,woman,35-49,family
Charlie_Eric.csv,woman,35-49,family
ChatarinaM4.csv,woman,25-34,unknown
ChrisC7713.csv,man,35-49,unknown
Cladilo88.csv,woman,25-34,unknown
Cleopatra001.csv,man,35-49,couple
Clintn123.csv,woman,35-49,unknown
Companion61117.csv,woman,35-49,family
Cotsis.csv,['man' 'woman'],['35-49' '50-64'],couple
Crabuzy.csv,woman,35-49,unknown
Cuckooscot.csv,woman,35-49,family
Curiosity602912.csv,woman,35-49,unknown
Cwright101.csv,woman,35-49,family
CyprusTraveller1.csv,woman,35-49,family
D1801CAchrise.csv,woman,35-49,family
D4954AKpaulb.csv,man,35-49,family
D7388DNraymondm.csv,woman,['35-49' '50-64'],family
DJBobHoskins.csv,man,35-49,family
DRW1100.csv,woman,35-49,couple
Davedurose.csv,woman,35-49,family
DavidRebecca.csv,man,35-49,family
DavidandJax.csv,woman,35-49,family
Dawniebrander.csv,woman,35-49,family
DebsWalsh.csv,woman,35-49,family
DeepFriedDodo.csv,woman,35-49,unknown
DeniseJarrow.csv,woman,35-49,family
Denpbr.csv,woman,50-64,unknown
Departure565572.csv,woman,50-64,family
Destination734599.csv,woman,35-49,family
Dexta001.csv,woman,35-49,family
Dina240.csv,woman,35-49,family
DioKor.csv,woman,35-49,family
Dodger7569.csv,woman,35-49,family
Doromaysam.csv,woman,35-49,family
DrHook123.csv,woman,50-64,couple
Dtaff1edge.csv,woman,35-49,family
Dunena90.csv,woman,35-49,family
E0in_1.csv,woman,50-64,couple
E1664FAjonm.csv,woman,35-49,family
E_A_T_finn.csv,woman,35-49,family
EatSleepEatRepeat.csv,man,25-34,family
Eipini1988.csv,woman,35-49,unknown
ElfCaerdydd.csv,woman,35-49,family
Elimizra.csv,man,50-64,unknown
Emclare72.csv,woman,35-49,family
EmmaMack78.csv,woman,['35-49' '50-64'],family
Eppar.csv,woman,35-49,family
Experience793598.csv,woman,35-49,unknown
Experience798133.csv,man,35-49,family
F120ETphilg.csv,woman,35-49,unknown
F6248EMianb.csv,man,35-49,unknown
F8624LEdanc.csv,woman,35-49,family
FarAway809922.csv,woman,35-49,family
Finroocam.csv,woman,35-49,unknown
Firestorm2313.csv,woman,35-49,unknown
Fittiworld.csv,woman,35-49,family
Fleaflyflo.csv,woman,35-49,family
Flyer605688.csv,woman,35-49,family
FrancescoF675.csv,woman,35-49,family
Fuzzybasset.csv,['man' 'woman'],['35-49' '50-64'],unknown
G6342PAoliviah.csv,['man' 'woman'],35-49,family
G6500GDnancyd.csv,woman,35-49,unknown
GIZMO654.csv,woman,35-49,family
Gaelle123A.csv,woman,50-64,family
Gardener009.csv,man,50-64,couple
Garysuid.csv,woman,35-49,unknown
GeertR194.csv,man,35-49,family
GerardR420.csv,woman,35-49,unknown
Gian_b231982.csv,woman,35-49,unknown
Gillian248.csv,woman,35-49,family
GiorgosS162.csv,woman,['35-49' '50-64'],unknown
Giorgos_alex7.csv,woman,35-49,unknown
Global640546.csv,woman,35-49,unknown
Go220667.csv,woman,35-49,family
Go337128.csv,woman,35-49,unknown
Great_Expectations75.csv,man,35-49,family
Greekaholics.csv,woman,50-64,unknown
Grn5.csv,['man' 'woman'],['35-49' '50-64'],unknown
Guide822472.csv,man,['35-49' '50-64'],unknown
H1999LOpaulm.csv,woman,35-49,couple
H3413ACiand.csv,woman,50-64,unknown
H3776AOsophieb.csv,woman,50-64,unknown
HOLYMOLEYBATMAN_12.csv,woman,50-64,family
Halass.csv,woman,35-49,family
HannahFine.csv,woman,35-49,unknown
HannesDG94.csv,woman,['35-49' '50-64'],unknown
Happy2travelyou.csv,woman,35-49,family
HelenB1856.csv,woman,35-49,unknown
Hellamour.csv,['man' 'woman'],['35-49' '50-64'],family
Helste.csv,woman,35-49,family
Hgjune.csv,man,35-49,family
I6741JFpaulh.csv,woman,35-49,unknown
IamElenaP.csv,woman,35-49,couple
Ibmiller.csv,woman,35-49,couple
Idan123ba.csv,man,35-49,family
IleanaS861.csv,woman,35-49,unknown
InnaA19.csv,woman,35-49,family
IrmaS1017.csv,woman,35-49,unknown
IsaGoncalves.csv,woman,35-49,unknown
Isa_SDot.csv,['man' 'woman'],35-49,family
J595FYnancya.csv,['man' 'woman'],35-49,family
J9379IAlisae.csv,woman,35-49,unknown
JHleigh.csv,woman,35-49,unknown
JP134.csv,woman,25-34,unknown
JackieDean500.csv,woman,50-64,family
Jdg73.csv,woman,50-64,couple
Jelifish77.csv,woman,['35-49' '50-64'],family
JenniferL3339.csv,woman,35-49,family
JessicaFit.csv,woman,35-49,family
Jezzy71.csv,woman,35-49,couple
Jilk2809.csv,woman,35-49,family
JoSayer72.csv,woman,35-49,family
JodyH777.csv,woman,35-49,couple
JohnL2617.csv,woman,35-49,family
JonathanXYZ.csv,woman,35-49,unknown
JuliaS1205.csv,woman,35-49,family
JulieHummelstown.csv,woman,35-49,family
Juliemelville2019.csv,['man' 'woman'],35-49,unknown
Just_me76.csv,woman,35-49,couple
K8347OVcristianp.csv,woman,35-49,unknown
KENT_Gang.csv,man,35-49,family
KIRBYTOURS.csv,woman,35-49,family
KSFamily_12.csv,woman,35-49,family
KathleenB64.csv,woman,35-49,family
KatieBristol2018.csv,woman,['35-49' '50-64'],unknown
KatieP123456.csv,woman,35-49,unknown
Katliappis.csv,woman,35-49,family
KefaliniaSunseeker36.csv,woman,35-49,family
KefaloniaMike.csv,woman,35-49,family
KeithM449.csv,woman,35-49,family
KiiraAndMikko.csv,man,50-64,family
Kkolenac.csv,man,35-49,unknown
Konstantina1202.csv,woman,35-49,family
KristinaP1821.csv,man,35-49,family
KristinaP2066.csv,man,35-49,couple
L5064XRsimonea.csv,woman,35-49,family
L8471HVjs.csv,man,35-49,couple
LauraM13162.csv,woman,35-49,unknown
LaurenceD285.csv,man,50-64,family
LauriVaher.csv,man,35-49,family
Leedsunited70.csv,woman,35-49,family
Legiron09.csv,['man' 'woman'],35-49,unknown
LeoAMav.csv,man,25-34,family
LetitiaSavu.csv,woman,35-49,family
Liftdoctor1.csv,man,35-49,family
Lilyah1.csv,woman,35-49,unknown
LinB323.csv,woman,35-49,family
LisaH2580.csv,woman,35-49,family
Littlegem91.csv,woman,35-49,couple
Livingstone1986.csv,woman,35-49,family
LizMuntean.csv,woman,35-49,unknown
LouiseCantrillGodden.csv,woman,50-64,family
LoulaS11.csv,woman,35-49,unknown
LucaMartinetto.csv,man,['35-49' '50-64'],unknown
LucasS8668.csv,woman,35-49,couple
LucyI88.csv,woman,35-49,unknown
Lucy_Alex_SPb.csv,woman,50-64,unknown
LuteH1.csv,man,35-49,family
M2056PEsarahc.csv,woman,35-49,family
M9905BZtraceys.csv,woman,35-49,unknown
MECR8.csv,woman,35-49,unknown
MESal2013.csv,woman,35-49,family
Mabel1018.csv,woman,35-49,family
MadalenaCS.csv,woman,18-24,family
Madcow4762.csv,woman,50-64,family
Malmarita.csv,woman,35-49,unknown
Malt73.csv,woman,35-49,family
MancinPhil.csv,woman,35-49,family
Maounes123.csv,woman,35-49,family
MariaD693.csv,woman,25-34,family
Mariamcdx.csv,woman,50-64,unknown
MarieP3768.csv,woman,35-49,couple
Marioco9.csv,woman,35-49,family
MarkE992.csv,man,35-49,family
Markv2624.csv,woman,35-49,unknown
MarsB123.csv,woman,35-49,family
MartinWJH.csv,man,50-64,family
Matteotacconi.csv,['man' 'woman'],35-49,family
Mbscarey.csv,woman,35-49,couple
McihaelMuenchen.csv,woman,35-49,unknown
Meander685549.csv,woman,35-49,family
Medden30.csv,woman,35-49,couple
Meeks81.csv,woman,50-64,family
Member161.csv,woman,35-49,unknown
MiaPralina.csv,man,35-49,family
MichaelJ6137.csv,woman,35-49,unknown
Mike-Helsingborg1.csv,man,35-49,family
Mike57d.csv,woman,35-49,family
MissChef03.csv,man,35-49,family
MissyTMaggee.csv,woman,35-49,family
MollyWilcox95.csv,woman,35-49,couple
MorrisonJo.csv,woman,['35-49' '50-64'],unknown
MrMZR.csv,woman,35-49,family
MrsGoffer.csv,woman,25-34,couple
MrsandmisterH.csv,woman,35-49,unknown
Mrsbonjovi59.csv,woman,35-49,unknown
Mtbellini.csv,woman,35-49,family
Mtnanative.csv,woman,35-49,couple
Mummyduck1963.csv,woman,35-49,family
MySoulsail.csv,woman,35-49,family
N7085RNpaula.csv,man,35-49,family
Naomiatthebeautyroom.csv,woman,50-64,family
Nasa00.csv,woman,35-49,unknown
NazneenRahim.csv,woman,35-49,family
NewJulesuk.csv,woman,35-49,family
NewmanJJL.csv,woman,35-49,unknown
Nickss1971.csv,woman,35-49,couple
NicolaBurge.csv,woman,35-49,couple
NinaB1867.csv,woman,35-49,unknown
O2478YWtonyb.csv,woman,35-49,unknown
O5451FAkenm.csv,woman,50-64,unknown
O7359BH_.csv,woman,35-49,family
Olgie_G.csv,woman,35-49,family
OnHolidayM.csv,woman,50-64,unknown
Orengili.csv,man,35-49,family
P8249UArichardm.csv,woman,50-64,family
P9678OZ_.csv,woman,35-49,unknown
Pailon7038.csv,woman,35-49,family
Passport564564.csv,woman,35-49,unknown
PaulRogan.csv,woman,35-49,unknown
PaulW5022.csv,woman,35-49,unknown
Pedmaz.csv,man,50-64,family
PeggyRG.csv,woman,50-64,family
Pengini9.csv,['man' 'woman'],['35-49' '50-64'],unknown
Pennybelcourt.csv,woman,35-49,family
PeterT2388.csv,woman,['35-49' '50-64'],family
Pierre-Davide-Ken.csv,woman,35-49,family
Pkasslb.csv,woman,35-49,family
Popi890.csv,man,35-49,unknown
PortsmouthCaro.csv,woman,35-49,unknown
PragueCourtyard.csv,woman,35-49,family
Propert.csv,woman,35-49,family
Q7473ECandyt.csv,woman,35-49,unknown
R3860CT_.csv,woman,35-49,unknown
R5960TSkaylac.csv,woman,50-64,family
R6847DUhelenl.csv,woman,35-49,family
R7175OFmichelleb.csv,woman,35-49,family
R7767OTkarinr.csv,woman,35-49,family
RJM2202.csv,['man' 'woman'],50-64,family
Rachel15F.csv,woman,35-49,family
RachelA955.csv,woman,35-49,family
RachelStewie.csv,woman,['35-49' '50-64'],unknown
Ralukus.csv,woman,35-49,unknown
Ramallah123.csv,['man' 'woman'],['35-49' '50-64'],unknown
Relax819796.csv,woman,50-64,family
Rgio27.csv,woman,35-49,family
RiteshP575.csv,man,35-49,family
RomaPizza.csv,man,35-49,family
Ronnieja.csv,man,35-49,family
RosemaryW25.csv,['man' 'woman'],['35-49' '50-64'],family
Rosetoo76.csv,woman,35-49,family
RossiN_12.csv,man,25-34,family
RotemTouitou.csv,woman,35-49,family
Roving620666.csv,woman,35-49,family
Roving817918.csv,man,35-49,family
Rubymatthias123.csv,woman,35-49,unknown
RudiO87.csv,['man' 'woman'],35-49,family
Runninggirl27.csv,woman,35-49,couple
RussellS1872.csv,woman,35-49,family
S1556VVsimons.csv,man,['35-49' '50-64'],unknown
S7600CTjustinw.csv,man,35-49,unknown
S7882HWmichaelg.csv,woman,50-64,family
S8042NNmandyb.csv,woman,50-64,family
S8673EYsimonep.csv,woman,35-49,family
SBandivas.csv,woman,25-34,family
SDM41.csv,woman,35-49,family
SWFUk.csv,woman,35-49,family
SWnick68.csv,woman,35-49,unknown
Safentou.csv,woman,35-49,family
Salmonman69.csv,woman,35-49,unknown
Sandyb5061.csv,woman,50-64,family
Sannev401.csv,['man' 'woman'],50-64,unknown
Sara41155.csv,woman,35-49,family
SarahEver86.csv,woman,25-34,family
Sarahp55555555.csv,woman,35-49,family
Sarsteph1.csv,woman,35-49,unknown
Scenic751164.csv,woman,35-49,family
Sefm21.csv,woman,35-49,unknown
Sepreviews.csv,woman,35-49,family
ShanahA.csv,man,35-49,family
Sherpa324267.csv,['man' 'woman'],['35-49' '50-64'],family
Sianjmorris.csv,woman,35-49,family
SilvanaS1446.csv,man,35-49,couple
SilverBackYork.csv,woman,35-49,family
Solwaylass716.csv,woman,35-49,family
Sophietso.csv,woman,35-49,unknown
Sprow.csv,man,50-64,family
StampingthePassport.csv,woman,25-34,family
Starwinder1.csv,man,50-64,couple
StephenT2834.csv,woman,35-49,unknown
Steveontour2020.csv,woman,50-64,unknown
SueHenderson63.csv,woman,35-49,family
Sweetcarol11.csv,woman,35-49,unknown
TEE19.csv,['man' 'woman'],35-49,family
TIISC1967.csv,woman,['35-49' '50-64'],unknown
TakisZ450.csv,man,50-64,unknown
Tennisizer.csv,woman,35-49,family
Teris1926.csv,woman,35-49,unknown
TheLittleOne30.csv,man,25-34,couple
Tillymint1975.csv,woman,35-49,family
TimeTrialling.csv,man,35-49,family
Tinkledivories.csv,woman,35-49,family
TommyB1990.csv,woman,50-64,couple
Tour605907.csv,woman,35-49,family
Tourist409477.csv,woman,35-49,unknown
TraceyM260.csv,woman,35-49,family
Travelguyd.csv,man,35-49,family
Trek654679.csv,woman,35-49,unknown
Trisherfisher.csv,woman,35-49,unknown
Twist3d1.csv,woman,50-64,unknown
TwisterDK2300.csv,woman,35-49,family
TzurR3.csv,man,35-49,family
U5573VMdavidd.csv,woman,35-49,family
U8858KHjulieb.csv,woman,35-49,family
Unhappy1965.csv,woman,35-49,family
V4229RR_.csv,woman,35-49,unknown
V7056AXalexandrak.csv,woman,50-64,family
V9194DOstephaniem.csv,woman,35-49,unknown
V9689IQevap.csv,woman,35-49,unknown
Vacation551501.csv,woman,35-49,family
Vageek.csv,woman,35-49,family
Vagelisss.csv,woman,['35-49' '50-64'],family
VasilikiKF.csv,woman,35-49,unknown
Venture41826.csv,['man' 'woman'],35-49,family
Venture669011.csv,man,35-49,family
VickieH338.csv,woman,35-49,family
VickyC2470.csv,woman,35-49,family
W8032IImartins.csv,woman,35-49,unknown
W8803HVemilye.csv,woman,35-49,unknown
WalesWorldwide.csv,woman,35-49,family
Watsons2014.csv,woman,35-49,family
Welshtash1970.csv,woman,35-49,unknown
Wordl_Traveller.csv,man,35-49,family
X2441RVleec.csv,woman,['35-49' '50-64'],unknown
X3475MFadamw.csv,woman,35-49,couple
X6932XOlauraf.csv,woman,35-49,unknown
X885CLneilm.csv,woman,35-49,family
Xaviernica.csv,man,50-64,couple
Y1422ASsusank.csv,woman,35-49,family
Yclcu.csv,woman,35-49,family
Z133QOjulies.csv,woman,35-49,unknown
Z2661UObenjamins.csv,woman,35-49,family
Z6833IRjoyceb.csv,man,50-64,family
Zdvarko.csv,man,35-49,unknown
Zoetheseasonsvillas.csv,woman,50-64,unknown
_F6504UA.csv,woman,35-49,unknown
_J2070AG.csv,woman,35-49,unknown
_V3453LL.csv,woman,35-49,unknown
_allyangus.csv,woman,35-49,family
a29nina.csv,woman,35-49,unknown
adamcbowen25.csv,woman,35-49,couple
adriantracy.csv,woman,35-49,family
adventuremen.csv,man,35-49,family
ahlecsee.csv,woman,35-49,family
akallergis.csv,woman,35-49,family
albertv359.csv,woman,50-64,unknown
albinz.csv,man,35-49,family
alexpapachristo.csv,woman,35-49,couple
alexvandermeij.csv,man,35-49,family
ali_hutchison.csv,woman,35-49,family
alina396.csv,woman,35-49,family
alinalavinia_persa.csv,woman,35-49,unknown
alizh3.csv,['man' 'woman'],['35-49' '50-64'],family
alsnyd1.csv,woman,50-64,family
alwayshungry08.csv,man,35-49,family
ambfra1981.csv,man,35-49,unknown
amrisab.csv,woman,35-49,couple
amyinamsterdam.csv,woman,35-49,family
amyvM1352SU.csv,woman,35-49,unknown
amywatson111.csv,woman,35-49,family
anaghi.csv,woman,35-49,unknown
anamariav142.csv,woman,35-49,family
anastazjaz2019.csv,woman,35-49,unknown
andyagar.csv,woman,35-49,unknown
andym452.csv,woman,35-49,family
ange6342.csv,woman,35-49,family
angiesJ9776CL.csv,woman,35-49,family
anitabI8027FA.csv,woman,35-49,couple
annablume2014.csv,woman,35-49,couple
annavgn.csv,woman,35-49,unknown
annjo67.csv,woman,35-49,family
annwX5934ZE.csv,woman,50-64,family
anonimus96.csv,woman,35-49,couple
antheam2014.csv,man,35-49,family
anthi2019.csv,woman,35-49,family
apexplorer2018.csv,woman,50-64,family
argiro2015.csv,woman,35-49,unknown
astellmann.csv,woman,35-49,family
athanasiosk592.csv,woman,35-49,couple
awgy.csv,man,35-49,family
bad_bleep.csv,woman,50-64,family
badsaboy.csv,man,25-34,family
baptistec463.csv,woman,35-49,family
bastoz21.csv,woman,35-49,unknown
bblerot.csv,woman,35-49,unknown
beachhut2020.csv,woman,35-49,family
begs2015.csv,woman,35-49,family
benschofield17.csv,man,35-49,family
biekeleenknegt.csv,man,35-49,unknown
billywood2404.csv,['man' 'woman'],35-49,unknown
bj_todd54.csv,woman,35-49,family
bkb63.csv,woman,50-64,family
brandi376.csv,['man' 'woman'],35-49,unknown
brookeyd88.csv,woman,35-49,family
brownderbyDerbyshire.csv,woman,50-64,couple
bubblepenryn.csv,man,35-49,family
bundi103.csv,woman,35-49,unknown
c0nnylee.csv,woman,35-49,family
callsoppp.csv,man,35-49,unknown
car0line63.csv,man,35-49,family
carolinelespapillons.csv,woman,35-49,family
carolynwY7430UT.csv,woman,35-49,unknown
cathypelletier825.csv,woman,35-49,family
catsandjammer.csv,woman,35-49,family
ccaseace.csv,man,35-49,family
celiao930.csv,woman,35-49,unknown
cguevara.csv,man,35-49,couple
chelseah330.csv,woman,35-49,unknown
chichiki.csv,woman,35-49,family
chrisbI9075JI.csv,woman,35-49,family
chriseggemeyer91.csv,woman,35-49,couple
chrishZ2103GP.csv,['man' 'woman'],35-49,family
christina1zeri.csv,man,35-49,family
christinabE6527YS.csv,man,35-49,unknown
christinesH1104FJ.csv,woman,35-49,family
chriswright50.csv,woman,35-49,unknown
ciprianp706.csv,man,50-64,family
clairebailey1971.csv,man,50-64,unknown
clairelE2854YL.csv,woman,35-49,family
clairelouisac.csv,woman,35-49,family
claudel969.csv,man,35-49,unknown
cocop286.csv,woman,35-49,unknown
cona950.csv,woman,35-49,family
conia673.csv,woman,35-49,unknown
conorm763.csv,woman,35-49,unknown
coologine.csv,woman,35-49,unknown
cornelisv271.csv,woman,35-49,unknown
cow182.csv,man,35-49,family
craftinganexpatlife.csv,woman,35-49,family
crismis2015.csv,woman,35-49,family
cristianbL9094AZ.csv,man,50-64,unknown
daniela511960.csv,man,35-49,family
davegreatbanks.csv,woman,35-49,family
davesooty69.csv,woman,35-49,family
davidhD6869TJ.csv,woman,35-49,unknown
davidlK2320KL.csv,woman,35-49,unknown
davidou40.csv,woman,35-49,family
davidriggs32.csv,woman,35-49,family
dawnquarles.csv,woman,35-49,family
dayanc2015.csv,woman,35-49,family
dcarlando.csv,man,35-49,family
debbien411.csv,woman,35-49,family
dewh2o.csv,woman,50-64,couple
didiele.csv,woman,35-49,unknown
dimitrismB6695FG.csv,woman,35-49,unknown
djne11026.csv,woman,50-64,family
dlias95.csv,woman,35-49,unknown
dommo1968.csv,man,35-49,family
drbarbaraconway.csv,woman,35-49,family
drumc0vitt.csv,woman,35-49,family
dutchie146.csv,woman,35-49,family
efstratios18.csv,woman,35-49,family
eilisWarwickshire.csv,woman,35-49,family
eiphos_v.csv,woman,35-49,unknown
elenaoseguera.csv,['man' 'woman'],35-49,family
elenik929.csv,woman,35-49,unknown
elisap503.csv,woman,35-49,family
elmdalton.csv,woman,35-49,unknown
emilyhR3760BX.csv,man,35-49,family
emilykatewoods.csv,woman,35-49,unknown
emilysB1570YO.csv,man,50-64,unknown
emmajZ6910MB.csv,woman,35-49,family
emybee393.csv,woman,35-49,unknown
ericsY1726WH.csv,woman,50-64,family
ermesmousta.csv,['man' 'woman'],['35-49' '50-64'],unknown
ethanh994.csv,['man' 'woman'],35-49,unknown
eva1081.csv,woman,35-49,unknown
evakarras1.csv,woman,35-49,unknown
evakonstadatou.csv,woman,35-49,unknown
fanimator.csv,woman,35-49,unknown
faulknerelectrical.csv,woman,35-49,family
fitzyit.csv,man,50-64,family
flyby2019.csv,woman,35-49,unknown
fotiosk887.csv,woman,35-49,family
fotisp941.csv,woman,35-49,family
fotist703.csv,woman,35-49,family
foyep.csv,woman,['35-49' '50-64'],family
francescamI4734QL.csv,woman,35-49,couple
frankrT893OG.csv,woman,35-49,unknown
fw1204.csv,woman,35-49,family
gabrield383.csv,woman,35-49,unknown
gamanc2015.csv,['man' 'woman'],35-49,family
garycheesley.csv,woman,35-49,family
georgiea1974.csv,woman,35-49,family
georgioss381.csv,woman,35-49,family
gerryp331.csv,woman,35-49,family
ghowie82.csv,woman,35-49,family
gianfrancoe2018.csv,woman,35-49,unknown
gingercooper67.csv,woman,['35-49' '50-64'],couple
giorgianam25.csv,woman,35-49,unknown
giorgioD.csv,man,35-49,family
gitte39.csv,man,50-64,family
giwrgosp325.csv,man,35-49,couple
glynisj2019.csv,woman,35-49,unknown
gooner2018.csv,woman,35-49,unknown
gregn2019.csv,woman,35-49,unknown
grimesters.csv,woman,35-49,family
guanyunz.csv,man,25-34,family
gyoergy1.csv,woman,35-49,unknown
h_konv571.csv,woman,35-49,family
hakansZ552JY.csv,woman,35-49,unknown
heatherlS2616TY.csv,woman,50-64,unknown
helbel63.csv,woman,35-49,family
helenbeck.csv,woman,35-49,unknown
helencC7422OU.csv,woman,35-49,family
helenej25.csv,woman,35-49,family
helenllewellyn315.csv,man,35-49,family
helly_hansen_86.csv,woman,50-64,unknown
hhaticeaskar.csv,woman,35-49,family
holidays3333.csv,woman,35-49,family
hollyhX4751AB.csv,woman,35-49,unknown
hr949.csv,man,50-64,family
ianf911.csv,woman,35-49,family
idomeneask2019.csv,['man' 'woman'],35-49,family
iiana.csv,['man' 'woman'],35-49,family
irenedV5934FW.csv,woman,35-49,family
irinabrouwer.csv,woman,35-49,unknown
irinakH2849MP.csv,woman,35-49,unknown
irini_alexa.csv,woman,35-49,family
ismene_s2k.csv,woman,35-49,unknown
ivank639.csv,man,35-49,family
jamescV4878YV.csv,woman,35-49,unknown
jamesonraid.csv,woman,50-64,family
janaU3141VG.csv,woman,35-49,couple
janrL6558EV.csv,woman,35-49,unknown
janrS8723GH.csv,woman,35-49,family
jilliane335.csv,woman,35-49,family
jo4686.csv,['man' 'woman'],['35-49' '50-64'],unknown
joc264.csv,['man' 'woman'],50-64,unknown
joehL6827DZ.csv,man,35-49,family
johanscarlet.csv,woman,35-49,unknown
johnbO2855BC.csv,woman,35-49,unknown
johnpL4110LB.csv,woman,35-49,family
johnsmp0.csv,man,['35-49' '50-64'],family
jonathancD7651IN.csv,woman,35-49,family
jonirosie.csv,man,35-49,family
jopQ3364GK.csv,woman,35-49,unknown
jor523.csv,woman,['35-49' '50-64'],unknown
jordanbR7566OG.csv,woman,50-64,unknown
jtT491AD.csv,woman,35-49,family
judithmS3781EE.csv,woman,35-49,family
juliuso344.csv,woman,['35-49' '50-64'],unknown
kamilf781.csv,['man' 'woman'],50-64,unknown
kampk2019.csv,woman,35-49,family
kapaowie.csv,man,35-49,unknown
karenaU6279FD.csv,woman,35-49,unknown
karenm105.csv,woman,50-64,couple
karenpE1951OQ.csv,['man' 'woman'],['35-49' '50-64'],unknown
karenstewart108.csv,woman,35-49,couple
karin_m_P.csv,woman,35-49,family
karolinep742.csv,woman,35-49,couple
katebH8774TL.csv,woman,['35-49' '50-64'],couple
katherinagro.csv,woman,35-49,family
kathrynpC4267IX.csv,woman,35-49,unknown
katiekX6012HR.csv,woman,35-49,family
kbj5947.csv,woman,35-49,unknown
kevine181.csv,man,35-49,unknown
kizomir.csv,woman,50-64,unknown
knowlesy2015.csv,woman,35-49,unknown
kostasd272.csv,woman,35-49,unknown
kostasninos1.csv,man,35-49,unknown
kpm241.csv,woman,35-49,family
kristigonzales.csv,woman,35-49,couple
kukume11.csv,man,35-49,unknown
kylec609.csv,woman,35-49,couple
kylek811.csv,woman,35-49,couple
lDrMiguelx.csv,woman,35-49,couple
lalajwalker.csv,woman,35-49,family
larryuan.csv,man,35-49,unknown
larsvisser123.csv,woman,35-49,unknown
laurenjessicankkm.csv,woman,35-49,family
laurenth848.csv,man,35-49,family
laurenwK8811CH.csv,woman,50-64,unknown
laurynasm.csv,man,35-49,family
lbjolicoeur.csv,woman,35-49,family
lbyton.csv,woman,35-49,couple
leejosh3.csv,man,35-49,family
leonidasp627.csv,['man' 'woman'],['35-49' '50-64'],family
lerip2014.csv,woman,35-49,family
letiziaormil.csv,woman,50-64,family
lifeofsophies.csv,woman,50-64,unknown
lindaconstantinax.csv,woman,35-49,unknown
lindseym58.csv,woman,35-49,family
lindseys535.csv,man,35-49,family
lindseytolson51.csv,woman,35-49,unknown
lisachaffey.csv,['man' 'woman'],35-49,unknown
littlel606.csv,woman,25-34,couple
lizzieh706.csv,woman,35-49,family
lngts.csv,woman,35-49,unknown
louiseaL9506RT.csv,woman,35-49,family
louiseperk88.csv,woman,35-49,family
loukyluke.csv,['man' 'woman'],50-64,unknown
loutiges2017.csv,woman,35-49,unknown
lozamoores.csv,woman,50-64,family
ltwn123.csv,man,35-49,family
lucyjane2700.csv,woman,35-49,unknown
luke081193.csv,woman,['35-49' '50-64'],unknown
lwarne1988.csv,woman,25-34,family
lynnescarsbrook.csv,woman,35-49,family
ma-law74.csv,woman,35-49,family
madalina-tarnoveski.csv,woman,35-49,unknown
madelenegra.csv,woman,35-49,family
manthoshotels.csv,woman,35-49,unknown
marianamotea.csv,man,50-64,unknown
mariannefps.csv,woman,35-49,family
mariar0918.csv,woman,35-49,couple
marienic0let.csv,woman,35-49,unknown
marimG7572AT.csv,woman,35-49,unknown
mariner0ne.csv,['man' 'woman'],35-49,unknown
mariodA4502YX.csv,woman,50-64,unknown
marionj135.csv,woman,['35-49' '50-64'],unknown
marios9869.csv,woman,35-49,unknown
marymN940HT.csv,woman,35-49,family
matgaudreau.csv,woman,35-49,family
matteo76va.csv,woman,35-49,couple
matteoramundo.csv,woman,35-49,family
mattesafa9111.csv,man,35-49,family
maximk164.csv,man,35-49,unknown
mcp12trip.csv,man,35-49,unknown
mcpathens12.csv,woman,35-49,family
meandmyboys1.csv,man,35-49,unknown
menidror454.csv,woman,35-49,family
mervrothwell.csv,woman,35-49,unknown
mexter.csv,woman,35-49,family
michaelfH4711AV.csv,woman,35-49,unknown
michellecawley.csv,woman,35-49,family
miladag2019.csv,woman,35-49,unknown
milenap628.csv,woman,35-49,unknown
miloue97.csv,woman,50-64,family
misspeppery.csv,woman,35-49,unknown
mllrannie.csv,woman,50-64,unknown
mom2781.csv,woman,35-49,family
mona_og_.csv,woman,35-49,family
monicafI9620QC.csv,woman,35-49,unknown
mrpepper2016.csv,woman,35-49,unknown
mskittykat74.csv,woman,35-49,family
mtbury.csv,man,50-64,family
mwalick.csv,woman,35-49,family
mylinhl.csv,woman,50-64,family
nary2018.csv,woman,35-49,family
nassosf2017.csv,woman,35-49,family
nataliehL2792AC.csv,['man' 'woman'],['35-49' '50-64'],family
neilo834.csv,woman,50-64,family
neldve.csv,woman,35-49,family
nelut2017.csv,woman,35-49,unknown
nickbK3291XM.csv,woman,50-64,couple
nickj989.csv,woman,35-49,family
nickl255.csv,woman,35-49,family
nicofelea.csv,woman,['35-49' '50-64'],family
nikolakopczynska.csv,man,35-49,family
nikolaosp582.csv,woman,['35-49' '50-64'],family
nikolask502.csv,woman,50-64,couple
nikolettav988.csv,woman,35-49,family
nilsgerlach.csv,woman,35-49,unknown
noad550.csv,woman,35-49,unknown
nogah875.csv,woman,35-49,family
nojr.csv,woman,35-49,unknown
nxgoel.csv,woman,35-49,family
occred.csv,woman,35-49,unknown
olga_boul.csv,woman,50-64,unknown
oriatlas.csv,woman,50-64,unknown
pamc720.csv,woman,35-49,family
panagiss2019.csv,woman,35-49,unknown
patf531.csv,man,35-49,family
patrickfV2082GK.csv,woman,35-49,family
paulgQ8084ZM.csv,woman,35-49,unknown
paulwA4462PQ.csv,woman,35-49,family
paveln637.csv,['man' 'woman'],35-49,family
perryfra.csv,woman,35-49,family
petef347.csv,woman,35-49,unknown
petrabI6201XL.csv,woman,35-49,unknown
philippehelmbaek.csv,woman,35-49,unknown
pinkasl.csv,woman,35-49,family
piratfritz.csv,woman,35-49,couple
pleasant1959.csv,['man' 'woman'],35-49,unknown
popsypony.csv,woman,25-34,family
preemao.csv,woman,35-49,couple
pumpkin510.csv,man,50-64,unknown
pvenizeleas.csv,woman,50-64,unknown
r0sew00di.csv,['man' 'woman'],35-49,unknown
rachelhD5718GA.csv,woman,['35-49' '50-64'],family
rachelpJ1283WW.csv,woman,50-64,unknown
rachelsparkle.csv,['man' 'woman'],['35-49' '50-64'],family
rainb0w00.csv,woman,35-49,family
rainbow7770.csv,man,35-49,family
reannej2018.csv,woman,35-49,family
rebeccakW6199WG.csv,woman,['35-49' '50-64'],family
richardbR9672AR.csv,woman,['35-49' '50-64'],unknown
richardk337.csv,man,35-49,couple
richardsX8512XZ.csv,woman,['35-49' '50-64'],unknown
rjay2017.csv,man,35-49,unknown
robboh890.csv,['man' 'woman'],35-49,unknown
robcrawfordsb.csv,woman,35-49,unknown
robthecod.csv,woman,35-49,unknown
rogerromyn.csv,man,['35-49' '50-64'],family
romangodzeus.csv,woman,35-49,family
rosiee153.csv,['man' 'woman'],['35-49' '50-64'],unknown
rsdfoodie.csv,man,35-49,family
ruth642015.csv,woman,35-49,couple
s_claudiu.csv,['man' 'woman'],35-49,unknown
salalarvajani.csv,man,['35-49' '50-64'],family
sallydicksonuk.csv,woman,35-49,family
samanthawL4027FG.csv,woman,35-49,unknown
samcW7494GJ.csv,woman,35-49,unknown
sammig30.csv,woman,35-49,family
sammyjenkins89.csv,woman,50-64,couple
sandragB1575ER.csv,woman,35-49,unknown
sannaengqvistschmitz.csv,woman,35-49,family
sar79_Lan.csv,woman,35-49,family
sarahwU4227ZB.csv,woman,35-49,family
seank293.csv,man,35-49,couple
sharalDc.csv,woman,35-49,family
shelleyb435.csv,woman,35-49,family
silverarcher.csv,woman,50-64,family
silverwz.csv,woman,35-49,unknown
simonlZ7826TD.csv,woman,35-49,family
sk8wall.csv,woman,50-64,unknown
smarobabani.csv,man,35-49,family
smitas938.csv,woman,50-64,family
smoesgaard.csv,woman,35-49,family
soaryn.csv,woman,50-64,unknown
sparksy171.csv,man,50-64,family
spyrosb556.csv,woman,50-64,unknown
spyrosk412.csv,woman,35-49,unknown
ss1252014.csv,woman,35-49,family
sseverin1234.csv,['man' 'woman'],35-49,family
staceyfT7248MH.csv,woman,35-49,family
stagefright2016.csv,man,35-49,family
stavros50.csv,woman,35-49,family
steliospsathas.csv,['man' 'woman'],['35-49' '50-64'],unknown
stephanielF9056DC.csv,woman,35-49,unknown
stepharena.csv,woman,35-49,couple
stewarte_11.csv,man,35-49,family
sued693.csv,man,50-64,family
sueh812018.csv,man,50-64,unknown
sunnySilvi.csv,woman,35-49,unknown
sunshine_tallett.csv,woman,35-49,couple
susanlindquist.csv,woman,35-49,family
svschriner.csv,woman,35-49,unknown
tacklentravel.csv,woman,35-49,family
teddywah.csv,man,35-49,family
thelankiw.csv,woman,35-49,family
theo_room.csv,woman,['35-49' '50-64'],family
thomassP1112KB.csv,woman,35-49,unknown
timmythesheep.csv,woman,35-49,family
tobiasminast.csv,woman,35-49,unknown
tomlA1824ZU.csv,woman,35-49,unknown
tracietdt1970.csv,woman,35-49,family
tropicskincarehelen.csv,woman,35-49,family
ttzenos.csv,man,35-49,family
twistybird.csv,woman,35-49,family
tzekos13.csv,woman,50-64,unknown
ushmag2019.csv,['man' 'woman'],35-49,unknown
vanessapoh505.csv,woman,35-49,couple
vangelis0.csv,woman,35-49,family
vanhooffv.csv,woman,35-49,unknown
vasilisl2017.csv,woman,35-49,unknown
veeSouthport.csv,woman,50-64,family
veragazi.csv,['man' 'woman'],35-49,family
vickiengland20.csv,woman,35-49,family
vikta2018.csv,woman,35-49,unknown
vinzparini.csv,woman,35-49,unknown
watermelon77.csv,woman,35-49,family
webkal.csv,woman,35-49,family
wendymaggs01.csv,woman,35-49,unknown
weysprings.csv,woman,35-49,family
whiteape.csv,man,35-49,family
willd157.csv,woman,50-64,family
williamhY1076LE.csv,woman,35-49,unknown
wrigleydiggley.csv,woman,35-49,unknown
xiaofengt284.csv,woman,35-49,family
yasserk477.csv,woman,['35-49' '50-64'],unknown
yeehare.csv,woman,35-49,family
zhanab2017.csv,woman,35-49,couple
zigzagprinromania1.csv,woman,25-34,family
zoer367.csv,woman,35-49,family
